DEBUG,2021-11-25 18:47:21,515,socket_raw_receive
DEBUG,2021-11-25 18:47:21,515,socket_response
DEBUG,2021-11-25 18:47:21,516,message
DEBUG,2021-11-25 18:47:21,531,command_completion
DEBUG,2021-11-25 18:47:21,974,socket_raw_receive
DEBUG,2021-11-25 18:47:21,975,socket_response
DEBUG,2021-11-25 18:47:21,975,typing
DEBUG,2021-11-25 18:47:24,231,socket_raw_receive
DEBUG,2021-11-25 18:47:24,232,socket_response
DEBUG,2021-11-25 18:47:24,232,message
DEBUG,2021-11-25 18:47:24,233,command
DEBUG,2021-11-25 18:47:24,447,socket_raw_receive
DEBUG,2021-11-25 18:47:24,447,socket_response
DEBUG,2021-11-25 18:47:24,447,message
DEBUG,2021-11-25 18:47:24,483,command_completion
DEBUG,2021-11-25 18:47:24,661,socket_raw_receive
DEBUG,2021-11-25 18:47:24,662,socket_response
DEBUG,2021-11-25 18:47:24,662,message
DEBUG,2021-11-25 18:47:46,921,socket_raw_receive
DEBUG,2021-11-25 18:47:46,921,socket_response
DEBUG,2021-11-25 18:48:28,181,socket_raw_receive
DEBUG,2021-11-25 18:48:28,181,socket_response
DEBUG,2021-11-25 18:49:04,595,socket_raw_receive
DEBUG,2021-11-25 18:49:04,595,socket_response
DEBUG,2021-11-25 18:49:04,596,typing
DEBUG,2021-11-25 18:49:05,580,socket_raw_receive
DEBUG,2021-11-25 18:49:05,581,socket_response
DEBUG,2021-11-25 18:49:05,581,message
DEBUG,2021-11-25 18:49:09,431,socket_raw_receive
DEBUG,2021-11-25 18:49:09,432,socket_response
DEBUG,2021-11-25 18:49:09,761,socket_raw_receive
DEBUG,2021-11-25 18:49:09,762,socket_response
DEBUG,2021-11-25 18:49:09,762,typing
DEBUG,2021-11-25 18:49:13,542,socket_raw_receive
DEBUG,2021-11-25 18:49:13,543,socket_response
DEBUG,2021-11-25 18:49:13,543,message
DEBUG,2021-11-25 18:49:32,584,socket_raw_receive
DEBUG,2021-11-25 18:49:32,584,socket_response
DEBUG,2021-11-25 18:49:32,585,typing
DEBUG,2021-11-25 18:49:38,546,socket_raw_receive
DEBUG,2021-11-25 18:49:38,547,socket_response
DEBUG,2021-11-25 18:49:38,547,message
DEBUG,2021-11-25 18:49:40,052,socket_raw_receive
DEBUG,2021-11-25 18:49:40,053,socket_response
DEBUG,2021-11-25 18:49:40,053,message
DEBUG,2021-11-25 18:49:40,054,command
DEBUG,2021-11-25 18:49:40,311,socket_raw_receive
DEBUG,2021-11-25 18:49:40,312,socket_response
DEBUG,2021-11-25 18:49:40,312,message
DEBUG,2021-11-25 18:49:40,341,command_completion
DEBUG,2021-11-25 18:49:45,967,socket_raw_receive
DEBUG,2021-11-25 18:49:45,967,socket_response
DEBUG,2021-11-25 18:49:45,968,raw_message_edit
DEBUG,2021-11-25 18:49:45,968,message_edit
DEBUG,2021-11-25 18:49:46,844,socket_raw_receive
DEBUG,2021-11-25 18:49:46,844,socket_response
DEBUG,2021-11-25 18:49:46,844,message
DEBUG,2021-11-25 18:49:50,684,socket_raw_receive
DEBUG,2021-11-25 18:49:50,685,socket_response
DEBUG,2021-11-25 18:50:31,929,socket_raw_receive
DEBUG,2021-11-25 18:50:31,929,socket_response
DEBUG,2021-11-25 18:51:13,182,socket_raw_receive
DEBUG,2021-11-25 18:51:13,183,socket_response
DEBUG,2021-11-25 18:51:54,438,socket_raw_receive
DEBUG,2021-11-25 18:51:54,438,socket_response
DEBUG,2021-11-25 18:52:35,692,socket_raw_receive
DEBUG,2021-11-25 18:52:35,692,socket_response
DEBUG,2021-11-25 18:53:16,945,socket_raw_receive
DEBUG,2021-11-25 18:53:16,946,socket_response
DEBUG,2021-11-25 18:53:58,198,socket_raw_receive
DEBUG,2021-11-25 18:53:58,199,socket_response
DEBUG,2021-11-25 18:54:39,449,socket_raw_receive
DEBUG,2021-11-25 18:54:39,450,socket_response
DEBUG,2021-11-25 18:55:20,700,socket_raw_receive
DEBUG,2021-11-25 18:55:20,701,socket_response
DEBUG,2021-11-25 18:56:01,953,socket_raw_receive
DEBUG,2021-11-25 18:56:01,954,socket_response
DEBUG,2021-11-25 18:56:31,675,socket_raw_receive
DEBUG,2021-11-25 18:56:31,675,socket_response
DEBUG,2021-11-25 18:56:31,675,typing
DEBUG,2021-11-25 18:56:39,996,socket_raw_receive
DEBUG,2021-11-25 18:56:39,997,socket_response
DEBUG,2021-11-25 18:56:39,997,typing
DEBUG,2021-11-25 18:56:43,210,socket_raw_receive
DEBUG,2021-11-25 18:56:43,211,socket_response
DEBUG,2021-11-25 18:56:46,086,socket_raw_receive
DEBUG,2021-11-25 18:56:46,087,socket_response
DEBUG,2021-11-25 18:56:46,087,message
DEBUG,2021-11-25 18:57:24,455,socket_raw_receive
DEBUG,2021-11-25 18:57:24,456,socket_response
DEBUG,2021-11-25 18:58:05,705,socket_raw_receive
DEBUG,2021-11-25 18:58:05,706,socket_response
DEBUG,2021-11-25 18:58:46,959,socket_raw_receive
DEBUG,2021-11-25 18:58:46,959,socket_response
DEBUG,2021-11-25 18:59:28,208,socket_raw_receive
DEBUG,2021-11-25 18:59:28,208,socket_response
DEBUG,2021-11-25 19:00:09,461,socket_raw_receive
DEBUG,2021-11-25 19:00:09,462,socket_response
DEBUG,2021-11-25 19:00:50,714,socket_raw_receive
DEBUG,2021-11-25 19:00:50,715,socket_response
DEBUG,2021-11-25 19:01:31,964,socket_raw_receive
DEBUG,2021-11-25 19:01:31,964,socket_response
DEBUG,2021-11-25 19:02:13,225,socket_raw_receive
DEBUG,2021-11-25 19:02:13,226,socket_response
DEBUG,2021-11-25 19:02:54,469,socket_raw_receive
DEBUG,2021-11-25 19:02:54,470,socket_response
DEBUG,2021-11-25 19:03:35,719,socket_raw_receive
DEBUG,2021-11-25 19:03:35,719,socket_response
DEBUG,2021-11-25 19:04:16,970,socket_raw_receive
DEBUG,2021-11-25 19:04:16,971,socket_response
DEBUG,2021-11-25 19:04:58,222,socket_raw_receive
DEBUG,2021-11-25 19:04:58,223,socket_response
DEBUG,2021-11-25 19:05:39,478,socket_raw_receive
DEBUG,2021-11-25 19:05:39,479,socket_response
DEBUG,2021-11-25 19:06:20,726,socket_raw_receive
DEBUG,2021-11-25 19:06:20,727,socket_response
DEBUG,2021-11-25 19:07:01,981,socket_raw_receive
DEBUG,2021-11-25 19:07:01,981,socket_response
DEBUG,2021-11-25 19:07:43,229,socket_raw_receive
DEBUG,2021-11-25 19:07:43,230,socket_response
DEBUG,2021-11-25 19:08:24,485,socket_raw_receive
DEBUG,2021-11-25 19:08:24,486,socket_response
DEBUG,2021-11-25 19:09:05,742,socket_raw_receive
DEBUG,2021-11-25 19:09:05,743,socket_response
DEBUG,2021-11-25 19:09:46,987,socket_raw_receive
DEBUG,2021-11-25 19:09:46,988,socket_response
DEBUG,2021-11-25 19:10:28,240,socket_raw_receive
DEBUG,2021-11-25 19:10:28,241,socket_response
DEBUG,2021-11-25 19:11:09,488,socket_raw_receive
DEBUG,2021-11-25 19:11:09,488,socket_response
DEBUG,2021-11-25 19:11:50,741,socket_raw_receive
DEBUG,2021-11-25 19:11:50,742,socket_response
DEBUG,2021-11-25 19:12:31,991,socket_raw_receive
DEBUG,2021-11-25 19:12:31,991,socket_response
DEBUG,2021-11-25 19:13:13,274,socket_raw_receive
DEBUG,2021-11-25 19:13:13,276,socket_response
DEBUG,2021-11-25 19:13:54,503,socket_raw_receive
DEBUG,2021-11-25 19:13:54,504,socket_response
DEBUG,2021-11-25 19:14:35,764,socket_raw_receive
DEBUG,2021-11-25 19:14:35,765,socket_response
DEBUG,2021-11-25 19:15:17,004,socket_raw_receive
DEBUG,2021-11-25 19:15:17,004,socket_response
DEBUG,2021-11-25 19:15:58,274,socket_raw_receive
DEBUG,2021-11-25 19:15:58,274,socket_response
DEBUG,2021-11-25 19:16:39,502,socket_raw_receive
DEBUG,2021-11-25 19:16:39,503,socket_response
DEBUG,2021-11-25 19:17:20,755,socket_raw_receive
DEBUG,2021-11-25 19:17:20,756,socket_response
DEBUG,2021-11-25 19:18:02,010,socket_raw_receive
DEBUG,2021-11-25 19:18:02,010,socket_response
DEBUG,2021-11-25 19:18:43,257,socket_raw_receive
DEBUG,2021-11-25 19:18:43,258,socket_response
DEBUG,2021-11-25 19:19:24,509,socket_raw_receive
DEBUG,2021-11-25 19:19:24,509,socket_response
DEBUG,2021-11-25 19:20:05,758,socket_raw_receive
DEBUG,2021-11-25 19:20:05,758,socket_response
DEBUG,2021-11-25 19:20:47,015,socket_raw_receive
DEBUG,2021-11-25 19:20:47,015,socket_response
DEBUG,2021-11-25 19:21:28,261,socket_raw_receive
DEBUG,2021-11-25 19:21:28,262,socket_response
DEBUG,2021-11-25 19:22:09,522,socket_raw_receive
DEBUG,2021-11-25 19:22:09,523,socket_response
DEBUG,2021-11-25 19:22:50,770,socket_raw_receive
DEBUG,2021-11-25 19:22:50,771,socket_response
DEBUG,2021-11-25 19:23:32,014,socket_raw_receive
DEBUG,2021-11-25 19:23:32,015,socket_response
DEBUG,2021-11-25 19:24:13,274,socket_raw_receive
DEBUG,2021-11-25 19:24:13,277,socket_response
DEBUG,2021-11-25 19:24:54,520,socket_raw_receive
DEBUG,2021-11-25 19:24:54,520,socket_response
DEBUG,2021-11-25 19:25:35,776,socket_raw_receive
DEBUG,2021-11-25 19:25:35,776,socket_response
DEBUG,2021-11-25 19:26:17,022,socket_raw_receive
DEBUG,2021-11-25 19:26:17,022,socket_response
DEBUG,2021-11-25 19:26:58,273,socket_raw_receive
DEBUG,2021-11-25 19:26:58,273,socket_response
DEBUG,2021-11-25 19:27:39,531,socket_raw_receive
DEBUG,2021-11-25 19:27:39,532,socket_response
DEBUG,2021-11-25 19:28:20,778,socket_raw_receive
DEBUG,2021-11-25 19:28:20,779,socket_response
DEBUG,2021-11-25 19:29:02,029,socket_raw_receive
DEBUG,2021-11-25 19:29:02,029,socket_response
DEBUG,2021-11-25 19:29:43,277,socket_raw_receive
DEBUG,2021-11-25 19:29:43,278,socket_response
DEBUG,2021-11-25 19:30:24,528,socket_raw_receive
DEBUG,2021-11-25 19:30:24,529,socket_response
DEBUG,2021-11-25 19:31:05,780,socket_raw_receive
DEBUG,2021-11-25 19:31:05,780,socket_response
DEBUG,2021-11-25 19:31:47,030,socket_raw_receive
DEBUG,2021-11-25 19:31:47,031,socket_response
DEBUG,2021-11-25 19:32:28,294,socket_raw_receive
DEBUG,2021-11-25 19:32:28,294,socket_response
DEBUG,2021-11-25 19:33:09,536,socket_raw_receive
DEBUG,2021-11-25 19:33:09,537,socket_response
DEBUG,2021-11-25 19:33:50,786,socket_raw_receive
DEBUG,2021-11-25 19:33:50,787,socket_response
DEBUG,2021-11-25 19:34:32,038,socket_raw_receive
DEBUG,2021-11-25 19:34:32,038,socket_response
DEBUG,2021-11-25 19:35:13,293,socket_raw_receive
DEBUG,2021-11-25 19:35:13,293,socket_response
DEBUG,2021-11-25 19:35:54,545,socket_raw_receive
DEBUG,2021-11-25 19:35:54,545,socket_response
DEBUG,2021-11-25 19:36:35,793,socket_raw_receive
DEBUG,2021-11-25 19:36:35,793,socket_response
DEBUG,2021-11-25 19:37:17,046,socket_raw_receive
DEBUG,2021-11-25 19:37:17,046,socket_response
DEBUG,2021-11-25 19:37:58,295,socket_raw_receive
DEBUG,2021-11-25 19:37:58,296,socket_response
DEBUG,2021-11-25 19:38:39,547,socket_raw_receive
DEBUG,2021-11-25 19:38:39,547,socket_response
DEBUG,2021-11-25 19:39:20,797,socket_raw_receive
DEBUG,2021-11-25 19:39:20,798,socket_response
DEBUG,2021-11-25 19:40:02,066,socket_raw_receive
DEBUG,2021-11-25 19:40:02,067,socket_response
DEBUG,2021-11-25 19:40:43,306,socket_raw_receive
DEBUG,2021-11-25 19:40:43,306,socket_response
DEBUG,2021-11-25 19:41:24,552,socket_raw_receive
DEBUG,2021-11-25 19:41:24,552,socket_response
DEBUG,2021-11-25 19:42:05,810,socket_raw_receive
DEBUG,2021-11-25 19:42:05,811,socket_response
DEBUG,2021-11-25 19:42:47,054,socket_raw_receive
DEBUG,2021-11-25 19:42:47,055,socket_response
DEBUG,2021-11-25 19:43:28,307,socket_raw_receive
DEBUG,2021-11-25 19:43:28,308,socket_response
DEBUG,2021-11-25 19:44:09,560,socket_raw_receive
DEBUG,2021-11-25 19:44:09,561,socket_response
DEBUG,2021-11-25 19:44:50,813,socket_raw_receive
DEBUG,2021-11-25 19:44:50,814,socket_response
DEBUG,2021-11-25 19:45:32,064,socket_raw_receive
DEBUG,2021-11-25 19:45:32,064,socket_response
DEBUG,2021-11-25 19:46:13,316,socket_raw_receive
DEBUG,2021-11-25 19:46:13,317,socket_response
DEBUG,2021-11-25 19:46:54,569,socket_raw_receive
DEBUG,2021-11-25 19:46:54,569,socket_response
DEBUG,2021-11-25 19:47:35,817,socket_raw_receive
DEBUG,2021-11-25 19:47:35,818,socket_response
DEBUG,2021-11-25 19:48:17,072,socket_raw_receive
DEBUG,2021-11-25 19:48:17,072,socket_response
DEBUG,2021-11-25 19:48:58,322,socket_raw_receive
DEBUG,2021-11-25 19:48:58,322,socket_response
DEBUG,2021-11-25 19:49:39,573,socket_raw_receive
DEBUG,2021-11-25 19:49:39,573,socket_response
DEBUG,2021-11-25 19:50:20,827,socket_raw_receive
DEBUG,2021-11-25 19:50:20,827,socket_response
DEBUG,2021-11-25 19:51:02,087,socket_raw_receive
DEBUG,2021-11-25 19:51:02,087,socket_response
DEBUG,2021-11-25 19:51:43,333,socket_raw_receive
DEBUG,2021-11-25 19:51:43,333,socket_response
DEBUG,2021-11-25 19:52:24,582,socket_raw_receive
DEBUG,2021-11-25 19:52:24,582,socket_response
DEBUG,2021-11-25 19:53:05,836,socket_raw_receive
DEBUG,2021-11-25 19:53:05,836,socket_response
DEBUG,2021-11-25 19:53:47,087,socket_raw_receive
DEBUG,2021-11-25 19:53:47,087,socket_response
DEBUG,2021-11-25 19:54:28,341,socket_raw_receive
DEBUG,2021-11-25 19:54:28,341,socket_response
DEBUG,2021-11-25 19:55:09,590,socket_raw_receive
DEBUG,2021-11-25 19:55:09,591,socket_response
DEBUG,2021-11-25 19:55:50,844,socket_raw_receive
DEBUG,2021-11-25 19:55:50,844,socket_response
DEBUG,2021-11-25 19:56:32,093,socket_raw_receive
DEBUG,2021-11-25 19:56:32,093,socket_response
DEBUG,2021-11-25 19:57:12,074,socket_raw_receive
DEBUG,2021-11-25 19:57:12,074,socket_response
DEBUG,2021-11-25 19:57:12,075,message
DEBUG,2021-11-25 19:57:13,343,socket_raw_receive
DEBUG,2021-11-25 19:57:13,344,socket_response
DEBUG,2021-11-25 19:57:54,594,socket_raw_receive
DEBUG,2021-11-25 19:57:54,595,socket_response
DEBUG,2021-11-25 19:58:35,848,socket_raw_receive
DEBUG,2021-11-25 19:58:35,848,socket_response
DEBUG,2021-11-25 19:59:17,098,socket_raw_receive
DEBUG,2021-11-25 19:59:17,098,socket_response
DEBUG,2021-11-25 19:59:58,360,socket_raw_receive
DEBUG,2021-11-25 19:59:58,361,socket_response
DEBUG,2021-11-25 20:00:39,598,socket_raw_receive
DEBUG,2021-11-25 20:00:39,599,socket_response
DEBUG,2021-11-25 20:01:20,852,socket_raw_receive
DEBUG,2021-11-25 20:01:20,852,socket_response
DEBUG,2021-11-25 20:02:02,106,socket_raw_receive
DEBUG,2021-11-25 20:02:02,106,socket_response
DEBUG,2021-11-25 20:02:43,356,socket_raw_receive
DEBUG,2021-11-25 20:02:43,357,socket_response
DEBUG,2021-11-25 20:03:24,609,socket_raw_receive
DEBUG,2021-11-25 20:03:24,610,socket_response
DEBUG,2021-11-25 20:04:05,860,socket_raw_receive
DEBUG,2021-11-25 20:04:05,860,socket_response
DEBUG,2021-11-25 20:04:47,118,socket_raw_receive
DEBUG,2021-11-25 20:04:47,118,socket_response
DEBUG,2021-11-25 20:05:28,364,socket_raw_receive
DEBUG,2021-11-25 20:05:28,364,socket_response
DEBUG,2021-11-25 20:06:09,616,socket_raw_receive
DEBUG,2021-11-25 20:06:09,617,socket_response
DEBUG,2021-11-25 20:06:50,865,socket_raw_receive
DEBUG,2021-11-25 20:06:50,866,socket_response
DEBUG,2021-11-25 20:07:32,125,socket_raw_receive
DEBUG,2021-11-25 20:07:32,126,socket_response
DEBUG,2021-11-25 20:08:13,372,socket_raw_receive
DEBUG,2021-11-25 20:08:13,372,socket_response
DEBUG,2021-11-25 20:08:54,618,socket_raw_receive
DEBUG,2021-11-25 20:08:54,619,socket_response
DEBUG,2021-11-25 20:09:35,873,socket_raw_receive
DEBUG,2021-11-25 20:09:35,873,socket_response
DEBUG,2021-11-25 20:10:17,123,socket_raw_receive
DEBUG,2021-11-25 20:10:17,124,socket_response
DEBUG,2021-11-25 20:10:58,374,socket_raw_receive
DEBUG,2021-11-25 20:10:58,374,socket_response
DEBUG,2021-11-25 20:11:39,625,socket_raw_receive
DEBUG,2021-11-25 20:11:39,625,socket_response
DEBUG,2021-11-25 20:12:20,876,socket_raw_receive
DEBUG,2021-11-25 20:12:20,876,socket_response
DEBUG,2021-11-25 20:13:02,129,socket_raw_receive
DEBUG,2021-11-25 20:13:02,130,socket_response
DEBUG,2021-11-25 20:13:43,378,socket_raw_receive
DEBUG,2021-11-25 20:13:43,379,socket_response
DEBUG,2021-11-25 20:14:24,632,socket_raw_receive
DEBUG,2021-11-25 20:14:24,632,socket_response
DEBUG,2021-11-25 20:14:54,487,socket_raw_receive
DEBUG,2021-11-25 20:14:54,487,socket_response
DEBUG,2021-11-25 20:14:54,488,typing
DEBUG,2021-11-25 20:15:03,203,socket_raw_receive
DEBUG,2021-11-25 20:15:03,203,socket_response
DEBUG,2021-11-25 20:15:03,203,typing
DEBUG,2021-11-25 20:15:05,701,socket_raw_receive
DEBUG,2021-11-25 20:15:05,701,socket_response
DEBUG,2021-11-25 20:15:05,703,message
DEBUG,2021-11-25 20:15:05,893,socket_raw_receive
DEBUG,2021-11-25 20:15:05,894,socket_response
DEBUG,2021-11-25 20:15:27,450,socket_raw_receive
DEBUG,2021-11-25 20:15:27,450,socket_response
DEBUG,2021-11-25 20:15:27,451,typing
DEBUG,2021-11-25 20:15:30,840,socket_raw_receive
DEBUG,2021-11-25 20:15:30,841,socket_response
DEBUG,2021-11-25 20:15:30,841,typing
DEBUG,2021-11-25 20:15:35,633,socket_raw_receive
DEBUG,2021-11-25 20:15:35,633,socket_response
DEBUG,2021-11-25 20:15:35,633,typing
DEBUG,2021-11-25 20:15:39,471,socket_raw_receive
DEBUG,2021-11-25 20:15:39,471,socket_response
DEBUG,2021-11-25 20:15:39,472,typing
DEBUG,2021-11-25 20:15:40,806,socket_raw_receive
DEBUG,2021-11-25 20:15:40,806,socket_response
DEBUG,2021-11-25 20:15:40,807,message
DEBUG,2021-11-25 20:15:47,135,socket_raw_receive
DEBUG,2021-11-25 20:15:47,136,socket_response
DEBUG,2021-11-25 20:15:51,281,socket_raw_receive
DEBUG,2021-11-25 20:15:51,282,socket_response
DEBUG,2021-11-25 20:15:51,282,typing
DEBUG,2021-11-25 20:15:55,795,socket_raw_receive
DEBUG,2021-11-25 20:15:55,796,socket_response
DEBUG,2021-11-25 20:15:55,796,typing
DEBUG,2021-11-25 20:15:58,284,socket_raw_receive
DEBUG,2021-11-25 20:15:58,285,socket_response
DEBUG,2021-11-25 20:15:58,285,message
DEBUG,2021-11-25 20:16:00,624,socket_raw_receive
DEBUG,2021-11-25 20:16:00,624,socket_response
DEBUG,2021-11-25 20:16:00,624,message
DEBUG,2021-11-25 20:16:03,788,socket_raw_receive
DEBUG,2021-11-25 20:16:03,788,socket_response
DEBUG,2021-11-25 20:16:03,789,message
DEBUG,2021-11-25 20:16:05,910,socket_raw_receive
DEBUG,2021-11-25 20:16:05,911,socket_response
DEBUG,2021-11-25 20:16:05,911,typing
DEBUG,2021-11-25 20:16:13,309,socket_raw_receive
DEBUG,2021-11-25 20:16:13,310,socket_response
DEBUG,2021-11-25 20:16:13,310,message
DEBUG,2021-11-25 20:16:21,996,socket_raw_receive
DEBUG,2021-11-25 20:16:21,997,socket_response
DEBUG,2021-11-25 20:16:21,997,typing
DEBUG,2021-11-25 20:16:25,623,socket_raw_receive
DEBUG,2021-11-25 20:16:25,623,socket_response
DEBUG,2021-11-25 20:16:25,624,typing
DEBUG,2021-11-25 20:16:28,390,socket_raw_receive
DEBUG,2021-11-25 20:16:28,390,socket_response
DEBUG,2021-11-25 20:16:28,612,socket_raw_receive
DEBUG,2021-11-25 20:16:28,612,socket_response
DEBUG,2021-11-25 20:16:28,612,message
DEBUG,2021-11-25 20:16:32,094,socket_raw_receive
DEBUG,2021-11-25 20:16:32,094,socket_response
DEBUG,2021-11-25 20:16:32,094,typing
DEBUG,2021-11-25 20:16:34,218,socket_raw_receive
DEBUG,2021-11-25 20:16:34,218,socket_response
DEBUG,2021-11-25 20:16:34,219,message
DEBUG,2021-11-25 20:16:38,498,socket_raw_receive
DEBUG,2021-11-25 20:16:38,499,socket_response
DEBUG,2021-11-25 20:16:38,499,typing
DEBUG,2021-11-25 20:16:46,641,socket_raw_receive
DEBUG,2021-11-25 20:16:46,642,socket_response
DEBUG,2021-11-25 20:16:46,642,typing
DEBUG,2021-11-25 20:16:52,852,socket_raw_receive
DEBUG,2021-11-25 20:16:52,853,socket_response
DEBUG,2021-11-25 20:16:52,853,message
DEBUG,2021-11-25 20:16:57,489,socket_raw_receive
DEBUG,2021-11-25 20:16:57,490,socket_response
DEBUG,2021-11-25 20:16:57,490,typing
DEBUG,2021-11-25 20:17:01,620,socket_raw_receive
DEBUG,2021-11-25 20:17:01,621,socket_response
DEBUG,2021-11-25 20:17:01,621,message
DEBUG,2021-11-25 20:17:06,136,socket_raw_receive
DEBUG,2021-11-25 20:17:06,137,socket_response
DEBUG,2021-11-25 20:17:06,137,typing
DEBUG,2021-11-25 20:17:09,640,socket_raw_receive
DEBUG,2021-11-25 20:17:09,641,socket_response
DEBUG,2021-11-25 20:17:09,724,socket_raw_receive
DEBUG,2021-11-25 20:17:09,725,socket_response
DEBUG,2021-11-25 20:17:09,725,message
DEBUG,2021-11-25 20:17:15,355,socket_raw_receive
DEBUG,2021-11-25 20:17:15,355,socket_response
DEBUG,2021-11-25 20:17:15,356,typing
DEBUG,2021-11-25 20:17:16,341,socket_raw_receive
DEBUG,2021-11-25 20:17:16,342,socket_response
DEBUG,2021-11-25 20:17:16,342,message
DEBUG,2021-11-25 20:17:26,379,socket_raw_receive
DEBUG,2021-11-25 20:17:26,380,socket_response
DEBUG,2021-11-25 20:17:26,380,typing
DEBUG,2021-11-25 20:17:30,431,socket_raw_receive
DEBUG,2021-11-25 20:17:30,432,socket_response
DEBUG,2021-11-25 20:17:30,432,typing
DEBUG,2021-11-25 20:17:31,377,socket_raw_receive
DEBUG,2021-11-25 20:17:31,378,socket_response
DEBUG,2021-11-25 20:17:31,378,message
DEBUG,2021-11-25 20:17:33,661,socket_raw_receive
DEBUG,2021-11-25 20:17:33,662,socket_response
DEBUG,2021-11-25 20:17:33,662,message
DEBUG,2021-11-25 20:17:41,574,socket_raw_receive
DEBUG,2021-11-25 20:17:41,575,socket_response
DEBUG,2021-11-25 20:17:41,575,typing
DEBUG,2021-11-25 20:17:48,303,socket_raw_receive
